spkID;audio_path;text
sp1;/FrasesAlbayzin_Ana/wav48/sp1/sp1_Ana/wav48/sp1/sp1_001.wav;Francia, Suiza y Hungría ya hicieron causa común.  
sp1;/FrasesAlbayzin_Ana/wav48/sp1/sp1_Ana/wav48/sp1/sp1_002.wav;Mi primer profesor de lengua fue López García.
sp1;/FrasesAlbayzin_Ana/wav48/sp1/sp1_Ana/wav48/sp1/sp1_003.wav;Guillermo y Yolanda practicaban ciclismo con Jaime. 
sp1;/FrasesAlbayzin_Ana/wav48/sp1/sp1_Ana/wav48/sp1/sp1_004.wav;El primero en Guipúzcoa y el segundo en Valladolid.
sp1;/FrasesAlbayzin_Ana/wav48/sp1/sp1_Ana/wav48/sp1/sp1_005.wav;Fue aquel hombre tan gordo el que se acercó en globo.
sp1;/FrasesAlbayzin_Ana/wav48/sp1/sp1_Ana/wav48/sp1/sp1_006.wav;'Eramos un grupo de profesores de lengua y literatura.
sp1;/FrasesAlbayzin_Ana/wav48/sp1/sp1_Ana/wav48/sp1/sp1_007.wav;Yo no recuerdo en mi pueblo ningún caso de triquinosis.
sp1;/FrasesAlbayzin_Ana/wav48/sp1/sp1_Ana/wav48/sp1/sp1_008.wav;'Eramos un grupo de gente bastante distinguida.
sp1;/FrasesAlbayzin_Ana/wav48/sp1/sp1_Ana/wav48/sp1/sp1_009.wav;Después ya se hizo muy amiga nuestra.
sp1;/FrasesAlbayzin_Ana/wav48/sp1/sp1_Ana/wav48/sp1/sp1_010.wav;Los achaques de Jesús remitieron sin causar disgustos.
sp1;/FrasesAlbayzin_Ana/wav48/sp1/sp1_Ana/wav48/sp1/sp1_011.wav;Su viuda se casó con un profesor de inglés de allá.
sp1;/FrasesAlbayzin_Ana/wav48/sp1/sp1_Ana/wav48/sp1/sp1_012.wav;Durante tus estudios has hecho algún viaje.
sp1;/FrasesAlbayzin_Ana/wav48/sp1/sp1_Ana/wav48/sp1/sp1_013.wav;Dos años y medio en Vilanova ya fueron suficientes.
sp1;/FrasesAlbayzin_Ana/wav48/sp1/sp1_Ana/wav48/sp1/sp1_014.wav;Pero en el fondo le tengo cariño.
sp1;/FrasesAlbayzin_Ana/wav48/sp1/sp1_Ana/wav48/sp1/sp1_015.wav;Puede haber deficiencia de agua en Logroño.
sp1;/FrasesAlbayzin_Ana/wav48/sp1/sp1_Ana/wav48/sp1/sp1_016.wav;La sangre se revuelve con estas migas de pan blanco.
sp1;/FrasesAlbayzin_Ana/wav48/sp1/sp1_Ana/wav48/sp1/sp1_017.wav;Los yernos de Ismael no engordarán los pollos con hierba.
sp1;/FrasesAlbayzin_Ana/wav48/sp1/sp1_Ana/wav48/sp1/sp1_018.wav;Mi mujer es profesora de Lengua y Literatura.
sp1;/FrasesAlbayzin_Ana/wav48/sp1/sp1_Ana/wav48/sp1/sp1_019.wav;Sabía un poquito de inglés pero muy poco.
sp1;/FrasesAlbayzin_Ana/wav48/sp1/sp1_Ana/wav48/sp1/sp1_020.wav;En Julio hacíamos en Burgos otra vez la preparación.
sp1;/FrasesAlbayzin_Ana/wav48/sp1/sp1_Ana/wav48/sp1/sp1_021.wav;Un niño muy rico que se llama Ignacio.
sp1;/FrasesAlbayzin_Ana/wav48/sp1/sp1_Ana/wav48/sp1/sp1_022.wav;No en lenguaje hablado pero sí en lenguaje escrito.
sp1;/FrasesAlbayzin_Ana/wav48/sp1/sp1_Ana/wav48/sp1/sp1_023.wav;Era muy gordo, muy gordo y con un tupé inmenso.
sp1;/FrasesAlbayzin_Ana/wav48/sp1/sp1_Ana/wav48/sp1/sp1_024.wav;Ellos, ya desde un principio, se quedan con el dinero.
sp1;/FrasesAlbayzin_Ana/wav48/sp1/sp1_Ana/wav48/sp1/sp1_025.wav;Después de la mili ya me vine a Cataluña.
sp1;/FrasesAlbayzin_Ana/wav48/sp1/sp1_Ana/wav48/sp1/sp1_026.wav;Estuve en Guernica dando clase de lengua y literatura. 
sp1;/FrasesAlbayzin_Ana/wav48/sp1/sp1_Ana/wav48/sp1/sp1_027.wav;Firmaban como cántabros incluso en tumbas funerarias.
sp1;/FrasesAlbayzin_Ana/wav48/sp1/sp1_Ana/wav48/sp1/sp1_028.wav;Aunque ellos ya engrasaron los ejes como yo les enseñé.
sp1;/FrasesAlbayzin_Ana/wav48/sp1/sp1_Ana/wav48/sp1/sp1_029.wav;Habla un poco de su prepotencia y de su orgullo.
sp1;/FrasesAlbayzin_Ana/wav48/sp1/sp1_Ana/wav48/sp1/sp1_030.wav;Trabajaba en Granollers y vivía en Barcelona.
sp1;/FrasesAlbayzin_Ana/wav48/sp1/sp1_Ana/wav48/sp1/sp1_031.wav;Es uno de los recuerdos más bonitos que guardo.
sp1;/FrasesAlbayzin_Ana/wav48/sp1/sp1_Ana/wav48/sp1/sp1_032.wav;Vimos que el ambiente había cambiado mucho.
sp1;/FrasesAlbayzin_Ana/wav48/sp1/sp1_Ana/wav48/sp1/sp1_033.wav;Bajamos un día al mercadillo de Palma.
sp1;/FrasesAlbayzin_Ana/wav48/sp1/sp1_Ana/wav48/sp1/sp1_034.wav;Por las noches organizaban bailes y fiestas.
sp1;/FrasesAlbayzin_Ana/wav48/sp1/sp1_Ana/wav48/sp1/sp1_035.wav;Yo entré en filas a cumplir el servicio militar.
sp1;/FrasesAlbayzin_Ana/wav48/sp1/sp1_Ana/wav48/sp1/sp1_036.wav;Uno llevaba el chorizo, el otro llevaba el gazpacho.
sp1;/FrasesAlbayzin_Ana/wav48/sp1/sp1_Ana/wav48/sp1/sp1_037.wav;Con Gema y con Blanca me veo por las noches en casa.
sp1;/FrasesAlbayzin_Ana/wav48/sp1/sp1_Ana/wav48/sp1/sp1_038.wav;Subimos un rato al apartamento y luego ya nos fuimos.
sp1;/FrasesAlbayzin_Ana/wav48/sp1/sp1_Ana/wav48/sp1/sp1_039.wav;Le voy a contar por qué he estudiado lengua.
sp1;/FrasesAlbayzin_Ana/wav48/sp1/sp1_Ana/wav48/sp1/sp1_040.wav;Llevas quince años fuera de la montaña.
sp1;/FrasesAlbayzin_Ana/wav48/sp1/sp1_Ana/wav48/sp1/sp1_041.wav;Existe un viento del norte que es un viento frío.
sp1;/FrasesAlbayzin_Ana/wav48/sp1/sp1_Ana/wav48/sp1/sp1_042.wav;Nos dio el disgusto más grande de nuestra vida.
sp1;/FrasesAlbayzin_Ana/wav48/sp1/sp1_Ana/wav48/sp1/sp1_043.wav;Se hacen chorizos y salchichones de dos clases.
sp1;/FrasesAlbayzin_Ana/wav48/sp1/sp1_Ana/wav48/sp1/sp1_044.wav;Antes de primero de bachiller ya te traumatizaban.
sp1;/FrasesAlbayzin_Ana/wav48/sp1/sp1_Ana/wav48/sp1/sp1_045.wav;La profesora que tengo tampoco es muy agradable.
sp1;/FrasesAlbayzin_Ana/wav48/sp1/sp1_Ana/wav48/sp1/sp1_046.wav;Yo tengo derecho a que a mí se me entienda.
sp1;/FrasesAlbayzin_Ana/wav48/sp1/sp1_Ana/wav48/sp1/sp1_047.wav;Al segundo día empezaron a llegar colegios.
sp1;/FrasesAlbayzin_Ana/wav48/sp1/sp1_Ana/wav48/sp1/sp1_048.wav;En estos pueblos preciosos de Vizcaya y Guipúzcoa.
sp1;/FrasesAlbayzin_Ana/wav48/sp1/sp1_Ana/wav48/sp1/sp1_049.wav;Me he tomado un café con leche en un bar.
sp1;/FrasesAlbayzin_Ana/wav48/sp1/sp1_Ana/wav48/sp1/sp1_050.wav;Dentro de muy poco pues va a estar la mitad cubierto.
sp1;/FrasesAlbayzin_Ana/wav48/sp1/sp1_Ana/wav48/sp1/sp1_051.wav;Los automóviles circulan por el pueblo.
sp1;/FrasesAlbayzin_Ana/wav48/sp1/sp1_Ana/wav48/sp1/sp1_052.wav;Hay dos niños o tres que le habían dicho que les gustaba.
sp1;/FrasesAlbayzin_Ana/wav48/sp1/sp1_Ana/wav48/sp1/sp1_053.wav;Cuando entré en el instituto jugué un año más.
sp1;/FrasesAlbayzin_Ana/wav48/sp1/sp1_Ana/wav48/sp1/sp1_054.wav;Cuéntame los sitios en que has vivido en Cataluña.
sp1;/FrasesAlbayzin_Ana/wav48/sp1/sp1_Ana/wav48/sp1/sp1_055.wav;Se limpian con agua caliente y raspándolos bien.
sp1;/FrasesAlbayzin_Ana/wav48/sp1/sp1_Ana/wav48/sp1/sp1_056.wav;Durante el año era muchísimo más barato.
sp1;/FrasesAlbayzin_Ana/wav48/sp1/sp1_Ana/wav48/sp1/sp1_057.wav;Yo he visto a gente expulsarla del colegio por fumar.
sp1;/FrasesAlbayzin_Ana/wav48/sp1/sp1_Ana/wav48/sp1/sp1_058.wav;A las ocho de la mañana ya estaba haciendo guardia.
sp1;/FrasesAlbayzin_Ana/wav48/sp1/sp1_Ana/wav48/sp1/sp1_059.wav;Nos lo pasamos muy bien aunque no vimos nada.
sp1;/FrasesAlbayzin_Ana/wav48/sp1/sp1_Ana/wav48/sp1/sp1_060.wav;Nos cogieron y nos llevaron otra vez al congreso.
sp1;/FrasesAlbayzin_Ana/wav48/sp1/sp1_Ana/wav48/sp1/sp1_061.wav;En Nochevieja, de los cincuenta, sólo cinco íbamos a casa.
sp1;/FrasesAlbayzin_Ana/wav48/sp1/sp1_Ana/wav48/sp1/sp1_062.wav;Pero a las pequeñas les falta todavía aprender mucho.
sp1;/FrasesAlbayzin_Ana/wav48/sp1/sp1_Ana/wav48/sp1/sp1_063.wav;Con veintiún años podrías comenzar a comerte el mundo.
sp1;/FrasesAlbayzin_Ana/wav48/sp1/sp1_Ana/wav48/sp1/sp1_064.wav;Sus calles son empedradas y los faroles de hierro viejo.
sp1;/FrasesAlbayzin_Ana/wav48/sp1/sp1_Ana/wav48/sp1/sp1_065.wav;Guadalajara no está colgada de las rocas. Cuenca sí.
sp1;/FrasesAlbayzin_Ana/wav48/sp1/sp1_Ana/wav48/sp1/sp1_066.wav;En diez minutos te puedes colocar en Peñacabarga.
sp1;/FrasesAlbayzin_Ana/wav48/sp1/sp1_Ana/wav48/sp1/sp1_067.wav;Iba vestida muy rara pero era superdivertida.
sp1;/FrasesAlbayzin_Ana/wav48/sp1/sp1_Ana/wav48/sp1/sp1_068.wav;Como es lógico donde hay montañas hay valles.
sp1;/FrasesAlbayzin_Ana/wav48/sp1/sp1_Ana/wav48/sp1/sp1_069.wav;A Belén la conocí cuando hice primero el primer curso.
sp1;/FrasesAlbayzin_Ana/wav48/sp1/sp1_Ana/wav48/sp1/sp1_070.wav;De repente se giró una cosa con gafas y era Carlos.
sp1;/FrasesAlbayzin_Ana/wav48/sp1/sp1_Ana/wav48/sp1/sp1_071.wav;No se hablaba de ella en ningún noticiero.
sp1;/FrasesAlbayzin_Ana/wav48/sp1/sp1_Ana/wav48/sp1/sp1_072.wav;Al final llegamos corriendo por la carretera.
sp1;/FrasesAlbayzin_Ana/wav48/sp1/sp1_Ana/wav48/sp1/sp1_073.wav;Pasé un año dando clase aquí, en Bellaterra. 
sp1;/FrasesAlbayzin_Ana/wav48/sp1/sp1_Ana/wav48/sp1/sp1_074.wav;Ya empezarán los malos modos o los morritos.
sp1;/FrasesAlbayzin_Ana/wav48/sp1/sp1_Ana/wav48/sp1/sp1_075.wav;El año pasado no pude porque cambié de trabajo.
sp1;/FrasesAlbayzin_Ana/wav48/sp1/sp1_Ana/wav48/sp1/sp1_076.wav;Yo iba hasta la ermita de San Gabriel con este cacharro.
sp1;/FrasesAlbayzin_Ana/wav48/sp1/sp1_Ana/wav48/sp1/sp1_077.wav;Yo tuve la suerte de que había unas conferencias.
sp1;/FrasesAlbayzin_Ana/wav48/sp1/sp1_Ana/wav48/sp1/sp1_078.wav;El carácter es en principio cerrado aunque luego se da.
sp1;/FrasesAlbayzin_Ana/wav48/sp1/sp1_Ana/wav48/sp1/sp1_079.wav;Una vez que ya se ha chocarrado bien se limpia la piel. 
sp1;/FrasesAlbayzin_Ana/wav48/sp1/sp1_Ana/wav48/sp1/sp1_080.wav;Los mandos nos hacían la vida imposible. 
sp1;/FrasesAlbayzin_Ana/wav48/sp1/sp1_Ana/wav48/sp1/sp1_081.wav;Pero tú ahora elijes ya previamente.
sp1;/FrasesAlbayzin_Ana/wav48/sp1/sp1_Ana/wav48/sp1/sp1_082.wav;Empezamos a reivindicar que se hiciese pueblo nuevo.
sp1;/FrasesAlbayzin_Ana/wav48/sp1/sp1_Ana/wav48/sp1/sp1_083.wav;Nosotros esto lo tuvimos muy claro desde el principio.
sp1;/FrasesAlbayzin_Ana/wav48/sp1/sp1_Ana/wav48/sp1/sp1_084.wav;Lo han tirado abajo y han hecho un bloque nuevo.
sp1;/FrasesAlbayzin_Ana/wav48/sp1/sp1_Ana/wav48/sp1/sp1_085.wav;Entonces todo el mundo vive de la agricultura.
sp1;/FrasesAlbayzin_Ana/wav48/sp1/sp1_Ana/wav48/sp1/sp1_086.wav;Yo me quedé con tu amiga Gloria casi toda la noche.
sp1;/FrasesAlbayzin_Ana/wav48/sp1/sp1_Ana/wav48/sp1/sp1_087.wav;Estuve una semana allí en Cataluña.
sp1;/FrasesAlbayzin_Ana/wav48/sp1/sp1_Ana/wav48/sp1/sp1_088.wav;Rita ha desayunado mientras yo me afeitaba.
sp1;/FrasesAlbayzin_Ana/wav48/sp1/sp1_Ana/wav48/sp1/sp1_089.wav;Les dijeron que eligieran una casa allá, en las mismas condiciones.
sp1;/FrasesAlbayzin_Ana/wav48/sp1/sp1_Ana/wav48/sp1/sp1_090.wav;Podríamos encasillarlo como hombre de derechas.
sp1;/FrasesAlbayzin_Ana/wav48/sp1/sp1_Ana/wav48/sp1/sp1_091.wav;Los hombres normalmente chocarran el cochino. 
sp1;/FrasesAlbayzin_Ana/wav48/sp1/sp1_Ana/wav48/sp1/sp1_092.wav;Yo me he dado cuenta cuando he vuelto aquí.
sp1;/FrasesAlbayzin_Ana/wav48/sp1/sp1_Ana/wav48/sp1/sp1_093.wav;Pajares está a cinco kilómetros de San Andrés.
sp1;/FrasesAlbayzin_Ana/wav48/sp1/sp1_Ana/wav48/sp1/sp1_094.wav;Yo creo que Víctor habló con los franceses en una pausa del congreso.
sp1;/FrasesAlbayzin_Ana/wav48/sp1/sp1_Ana/wav48/sp1/sp1_095.wav;Ganamos todos los partidos menos el de la final.
sp1;/FrasesAlbayzin_Ana/wav48/sp1/sp1_Ana/wav48/sp1/sp1_096.wav;Conseguimos que se hiciese un pueblo.
sp1;/FrasesAlbayzin_Ana/wav48/sp1/sp1_Ana/wav48/sp1/sp1_097.wav;Cuando me giré ya no tenía la cartera.
sp1;/FrasesAlbayzin_Ana/wav48/sp1/sp1_Ana/wav48/sp1/sp1_098.wav;Los servicios que pueden prestar son muy superiores.
sp1;/FrasesAlbayzin_Ana/wav48/sp1/sp1_Ana/wav48/sp1/sp1_099.wav;Esos años estuvimos haciendo ocho asignaturas.
sp1;/FrasesAlbayzin_Ana/wav48/sp1/sp1_Ana/wav48/sp1/sp1_100.wav;Había un autobús que nos llevaba otra vez para el cuartel.
sp1;/FrasesAlbayzin_Ana/wav48/sp1/sp1_Ana/wav48/sp1/sp1_101.wav;Es la riqueza ganadera y la riqueza agrícola.
sp1;/FrasesAlbayzin_Ana/wav48/sp1/sp1_Ana/wav48/sp1/sp1_102.wav;Había algunos que no habían visto nunca el mar.
sp1;/FrasesAlbayzin_Ana/wav48/sp1/sp1_Ana/wav48/sp1/sp1_103.wav;Por otra parte es una ciudad que está muy cuidada.
sp1;/FrasesAlbayzin_Ana/wav48/sp1/sp1_Ana/wav48/sp1/sp1_104.wav;Tiene quince y está haciendo primero de BUP.
sp1;/FrasesAlbayzin_Ana/wav48/sp1/sp1_Ana/wav48/sp1/sp1_105.wav;Tendrá unas siete u ocho islas alrededor.
sp1;/FrasesAlbayzin_Ana/wav48/sp1/sp1_Ana/wav48/sp1/sp1_106.wav;Son los cuadros más bonitos de las casas de mi pueblo.
sp1;/FrasesAlbayzin_Ana/wav48/sp1/sp1_Ana/wav48/sp1/sp1_107.wav;Un partido socialista con representatividad.
sp1;/FrasesAlbayzin_Ana/wav48/sp1/sp1_Ana/wav48/sp1/sp1_108.wav;Produce dolor de cabeza a los montañeses.
sp1;/FrasesAlbayzin_Ana/wav48/sp1/sp1_Ana/wav48/sp1/sp1_109.wav;Una para ellos y otra para invitar a las chicas.
sp1;/FrasesAlbayzin_Ana/wav48/sp1/sp1_Ana/wav48/sp1/sp1_110.wav;Es un hombre franco pero no es un hombre que se entregue.
sp1;/FrasesAlbayzin_Ana/wav48/sp1/sp1_Ana/wav48/sp1/sp1_111.wav;Desde esta perspectiva han de ser dos culturas.
sp1;/FrasesAlbayzin_Ana/wav48/sp1/sp1_Ana/wav48/sp1/sp1_112.wav;Van a echar abajo la tribuna para aumentar su capacidad.
sp1;/FrasesAlbayzin_Ana/wav48/sp1/sp1_Ana/wav48/sp1/sp1_113.wav;Haciendo el primer campamento y el segundo campamento.
sp1;/FrasesAlbayzin_Ana/wav48/sp1/sp1_Ana/wav48/sp1/sp1_114.wav;A aquella gente que le va mucho la vida militar.
sp1;/FrasesAlbayzin_Ana/wav48/sp1/sp1_Ana/wav48/sp1/sp1_115.wav;Por otra parte, yo estaba fuera de mi casa.
sp1;/FrasesAlbayzin_Ana/wav48/sp1/sp1_Ana/wav48/sp1/sp1_116.wav;Hoy no tenía que llevar bocadillo por la mañana.
sp1;/FrasesAlbayzin_Ana/wav48/sp1/sp1_Ana/wav48/sp1/sp1_117.wav;Pero yo quería ser ingeniero de montes.
sp1;/FrasesAlbayzin_Ana/wav48/sp1/sp1_Ana/wav48/sp1/sp1_118.wav;No se hace en ningún sitio como se hace allá.
sp1;/FrasesAlbayzin_Ana/wav48/sp1/sp1_Ana/wav48/sp1/sp1_119.wav;Un matrimonio ya mayor manda a su hijo a Alicante. 
sp1;/FrasesAlbayzin_Ana/wav48/sp1/sp1_Ana/wav48/sp1/sp1_120.wav;Recibíamos un nombre que es los foramontanos.
sp1;/FrasesAlbayzin_Ana/wav48/sp1/sp1_Ana/wav48/sp1/sp1_121.wav;Unas indemnizaciones no les iban del todo mal.
sp1;/FrasesAlbayzin_Ana/wav48/sp1/sp1_Ana/wav48/sp1/sp1_122.wav;Las de dos pisos tienen un primer piso con una habitación.
sp1;/FrasesAlbayzin_Ana/wav48/sp1/sp1_Ana/wav48/sp1/sp1_123.wav;Nos íbamos preparando con aquellos equipos tan gloriosos.
sp1;/FrasesAlbayzin_Ana/wav48/sp1/sp1_Ana/wav48/sp1/sp1_124.wav;Había gente que quería marcharse a vivir a Lumbreras.
sp1;/FrasesAlbayzin_Ana/wav48/sp1/sp1_Ana/wav48/sp1/sp1_125.wav;Y en el segundo piso, pues hay tres habitaciones.
sp1;/FrasesAlbayzin_Ana/wav48/sp1/sp1_Ana/wav48/sp1/sp1_126.wav;Me vine aquí y me admitieron en su organización.
sp1;/FrasesAlbayzin_Ana/wav48/sp1/sp1_Ana/wav48/sp1/sp1_127.wav;En el siglo octavo hizo expulsar a los judíos de España.
sp1;/FrasesAlbayzin_Ana/wav48/sp1/sp1_Ana/wav48/sp1/sp1_128.wav;Se va dando vueltas a la sangre para que no se cuaje.
sp1;/FrasesAlbayzin_Ana/wav48/sp1/sp1_Ana/wav48/sp1/sp1_129.wav;Rezando porque tenía un miedo impresionante.
sp1;/FrasesAlbayzin_Ana/wav48/sp1/sp1_Ana/wav48/sp1/sp1_130.wav;Es uno de los momentos más bonitos del día. 
sp1;/FrasesAlbayzin_Ana/wav48/sp1/sp1_Ana/wav48/sp1/sp1_131.wav;La mitad va a estar cubierto por un pantano. 
sp1;/FrasesAlbayzin_Ana/wav48/sp1/sp1_Ana/wav48/sp1/sp1_132.wav;Los chorizos y los jamones están colgando de las paredes.
sp1;/FrasesAlbayzin_Ana/wav48/sp1/sp1_Ana/wav48/sp1/sp1_133.wav;El que llevaba todo el club no me caía muy bien.
sp1;/FrasesAlbayzin_Ana/wav48/sp1/sp1_Ana/wav48/sp1/sp1_134.wav;Nos fuimos a las siete de la mañana y volvimos por la noche.
sp1;/FrasesAlbayzin_Ana/wav48/sp1/sp1_Ana/wav48/sp1/sp1_135.wav;Lo tengo asociado al día de la matanza.
sp1;/FrasesAlbayzin_Ana/wav48/sp1/sp1_Ana/wav48/sp1/sp1_136.wav;Hechos con la carne más ensangrentada y más grasienta.
sp1;/FrasesAlbayzin_Ana/wav48/sp1/sp1_Ana/wav48/sp1/sp1_137.wav;Es un apellido muy abundante en la zona de Pamplona.
sp1;/FrasesAlbayzin_Ana/wav48/sp1/sp1_Ana/wav48/sp1/sp1_138.wav;Había estado en una tertulia en Logroño.
sp1;/FrasesAlbayzin_Ana/wav48/sp1/sp1_Ana/wav48/sp1/sp1_139.wav;Y mi padre es de aquí y no es tan bueno.
sp1;/FrasesAlbayzin_Ana/wav48/sp1/sp1_Ana/wav48/sp1/sp1_140.wav;Volvemos otra vez por encima de Santander.
sp1;/FrasesAlbayzin_Ana/wav48/sp1/sp1_Ana/wav48/sp1/sp1_141.wav;El mar Atlántico entra por el golfo de Vizcaya.
sp1;/FrasesAlbayzin_Ana/wav48/sp1/sp1_Ana/wav48/sp1/sp1_142.wav;Yo llevaba la cartera con todo el dinero.
sp1;/FrasesAlbayzin_Ana/wav48/sp1/sp1_Ana/wav48/sp1/sp1_143.wav;Había mucha gente fuera y nos quedamos sentadas.
sp1;/FrasesAlbayzin_Ana/wav48/sp1/sp1_Ana/wav48/sp1/sp1_144.wav;En definitiva yo pienso que el pantano está bien.
sp1;/FrasesAlbayzin_Ana/wav48/sp1/sp1_Ana/wav48/sp1/sp1_145.wav;No jugábamos a básket, sólo los mirábamos a ellos.
sp1;/FrasesAlbayzin_Ana/wav48/sp1/sp1_Ana/wav48/sp1/sp1_146.wav;Es un sótano que tendrá diez metros de altitud.
sp1;/FrasesAlbayzin_Ana/wav48/sp1/sp1_Ana/wav48/sp1/sp1_147.wav;Entonces se creó una cuña natural que fue Santander.
sp1;/FrasesAlbayzin_Ana/wav48/sp1/sp1_Ana/wav48/sp1/sp1_148.wav;Quien mandaba era un alférez que era compañero.
sp1;/FrasesAlbayzin_Ana/wav48/sp1/sp1_Ana/wav48/sp1/sp1_149.wav;Ganaban el dinero para hacer el viaje.
sp1;/FrasesAlbayzin_Ana/wav48/sp1/sp1_Ana/wav48/sp1/sp1_150.wav;Bueno, total que va y resulta que me admiten.
sp1;/FrasesAlbayzin_Ana/wav48/sp1/sp1_Ana/wav48/sp1/sp1_151.wav;Esto se hace cuando ya se saben los resultados del veterinario.
sp1;/FrasesAlbayzin_Ana/wav48/sp1/sp1_Ana/wav48/sp1/sp1_152.wav;A las ocho y media o así nos volvieron a bajar.
sp1;/FrasesAlbayzin_Ana/wav48/sp1/sp1_Ana/wav48/sp1/sp1_153.wav;Aunque naturalmente hay un partido comunista.
sp1;/FrasesAlbayzin_Ana/wav48/sp1/sp1_Ana/wav48/sp1/sp1_154.wav;Casi haciendo frontera con Bilbao está el río Asón.
sp1;/FrasesAlbayzin_Ana/wav48/sp1/sp1_Ana/wav48/sp1/sp1_155.wav;La mayoría de los guerreros tenían reuma.
sp1;/FrasesAlbayzin_Ana/wav48/sp1/sp1_Ana/wav48/sp1/sp1_156.wav;Al llegar a Barcelona tendremos que arreglarlo todo.
sp1;/FrasesAlbayzin_Ana/wav48/sp1/sp1_Ana/wav48/sp1/sp1_157.wav;Esta es una de las cosas que yo más recuerdo.
sp1;/FrasesAlbayzin_Ana/wav48/sp1/sp1_Ana/wav48/sp1/sp1_158.wav;Acabaron las maniobras éstas de submarinismo.
sp1;/FrasesAlbayzin_Ana/wav48/sp1/sp1_Ana/wav48/sp1/sp1_159.wav;Esa sangre después se echa en una caldera.
sp1;/FrasesAlbayzin_Ana/wav48/sp1/sp1_Ana/wav48/sp1/sp1_160.wav;Teníamos que andar unos diez minutos o así.
sp1;/FrasesAlbayzin_Ana/wav48/sp1/sp1_Ana/wav48/sp1/sp1_161.wav;Dio la casualidad que a la una y media estaban allí.
sp1;/FrasesAlbayzin_Ana/wav48/sp1/sp1_Ana/wav48/sp1/sp1_162.wav;Llegaba a Santander a las ocho de la mañana.
sp1;/FrasesAlbayzin_Ana/wav48/sp1/sp1_Ana/wav48/sp1/sp1_163.wav;Se la conoce o la conocen como la pequeña Suiza.
sp1;/FrasesAlbayzin_Ana/wav48/sp1/sp1_Ana/wav48/sp1/sp1_164.wav;El rey mandó a su yerno a derrotar a los cántabros.
sp1;/FrasesAlbayzin_Ana/wav48/sp1/sp1_Ana/wav48/sp1/sp1_165.wav;Tiene una niña de dos años que se llama Carmen.
sp1;/FrasesAlbayzin_Ana/wav48/sp1/sp1_Ana/wav48/sp1/sp1_166.wav;Era como una pequeña cabaña llena de italianos.
sp1;/FrasesAlbayzin_Ana/wav48/sp1/sp1_Ana/wav48/sp1/sp1_167.wav;Los cochinos estaban bien, no tenían triquinosis.
sp1;/FrasesAlbayzin_Ana/wav48/sp1/sp1_Ana/wav48/sp1/sp1_168.wav;Se emplea para atar los haces de hierba.
sp1;/FrasesAlbayzin_Ana/wav48/sp1/sp1_Ana/wav48/sp1/sp1_169.wav;Se alegraron mucho de vernos y ya nos quedamos a cenar.
sp1;/FrasesAlbayzin_Ana/wav48/sp1/sp1_Ana/wav48/sp1/sp1_170.wav;Bueno, es otra vida completamente distinta.
sp1;/FrasesAlbayzin_Ana/wav48/sp1/sp1_Ana/wav48/sp1/sp1_171.wav;En el caso mío, yo era delineante industrial.
sp1;/FrasesAlbayzin_Ana/wav48/sp1/sp1_Ana/wav48/sp1/sp1_172.wav;Esto es por todo el reglamento del mercado común europeo.
sp1;/FrasesAlbayzin_Ana/wav48/sp1/sp1_Ana/wav48/sp1/sp1_173.wav;Entonces yo había alquilado una hamaca.
sp1;/FrasesAlbayzin_Ana/wav48/sp1/sp1_Ana/wav48/sp1/sp1_174.wav;Luego Susana se quedó en la bañera con la falda puesta.
sp1;/FrasesAlbayzin_Ana/wav48/sp1/sp1_Ana/wav48/sp1/sp1_175.wav;Una vez que se cuelga el cochino se deja que se seque.
sp1;/FrasesAlbayzin_Ana/wav48/sp1/sp1_Ana/wav48/sp1/sp1_176.wav;Uno de esos caciques era amigo de Azaña.
sp1;/FrasesAlbayzin_Ana/wav48/sp1/sp1_Ana/wav48/sp1/sp1_177.wav;Ya empezamos a llorar bastante en el apartamento.
sp1;/FrasesAlbayzin_Ana/wav48/sp1/sp1_Ana/wav48/sp1/sp1_178.wav;Le he dado un beso y me he vuelto a mi casa.
sp1;/FrasesAlbayzin_Ana/wav48/sp1/sp1_Ana/wav48/sp1/sp1_179.wav;Los niños son catalanes, han nacido en Blanes los tres.
sp1;/FrasesAlbayzin_Ana/wav48/sp1/sp1_Ana/wav48/sp1/sp1_180.wav;No se carga a nadie, es bastante cariñosa.
sp1;/FrasesAlbayzin_Ana/wav48/sp1/sp1_Ana/wav48/sp1/sp1_181.wav;Teníamos que pasar por unos puntos marcados en el mapa.
sp1;/FrasesAlbayzin_Ana/wav48/sp1/sp1_Ana/wav48/sp1/sp1_182.wav;La montaña con sus acantilados llega hasta el mar.
sp1;/FrasesAlbayzin_Ana/wav48/sp1/sp1_Ana/wav48/sp1/sp1_183.wav;Te voy a contar el viaje que he hecho esta mañana.
sp1;/FrasesAlbayzin_Ana/wav48/sp1/sp1_Ana/wav48/sp1/sp1_184.wav;Es la sede de la actual Universidad Menéndez Pelayo.
sp1;/FrasesAlbayzin_Ana/wav48/sp1/sp1_Ana/wav48/sp1/sp1_185.wav;En una ladera del monte se ubica la iglesia.
sp1;/FrasesAlbayzin_Ana/wav48/sp1/sp1_Ana/wav48/sp1/sp1_186.wav;Esto es lo que has hecho durante el año y durante el verano.
sp1;/FrasesAlbayzin_Ana/wav48/sp1/sp1_Ana/wav48/sp1/sp1_187.wav;Bueno, pero vamos a la historia que te contaba.
sp1;/FrasesAlbayzin_Ana/wav48/sp1/sp1_Ana/wav48/sp1/sp1_188.wav;La higiene que había allí era bastante deprimente.
sp1;/FrasesAlbayzin_Ana/wav48/sp1/sp1_Ana/wav48/sp1/sp1_189.wav;Este viento quemó toda la ciudad absolutamente.
sp1;/FrasesAlbayzin_Ana/wav48/sp1/sp1_Ana/wav48/sp1/sp1_190.wav;Había una especie de montaña o de colina.
sp1;/FrasesAlbayzin_Ana/wav48/sp1/sp1_Ana/wav48/sp1/sp1_191.wav;Me parece admirable su actitud en este caso.
sp1;/FrasesAlbayzin_Ana/wav48/sp1/sp1_Ana/wav48/sp1/sp1_192.wav;La carne mala se llama la carne ensangrentada.
sp1;/FrasesAlbayzin_Ana/wav48/sp1/sp1_Ana/wav48/sp1/sp1_193.wav;Entonces lo único que hacíamos era ir a cenar.
sp1;/FrasesAlbayzin_Ana/wav48/sp1/sp1_Ana/wav48/sp1/sp1_194.wav;No dormimos prácticamente en toda la noche.
sp1;/FrasesAlbayzin_Ana/wav48/sp1/sp1_Ana/wav48/sp1/sp1_195.wav;En todos los sitios había italianos.
sp1;/FrasesAlbayzin_Ana/wav48/sp1/sp1_Ana/wav48/sp1/sp1_196.wav;Tiene espectáculos bastante agradables en verano.
sp1;/FrasesAlbayzin_Ana/wav48/sp1/sp1_Ana/wav48/sp1/sp1_197.wav;Para ser Semana Santa había mucha gente.
sp1;/FrasesAlbayzin_Ana/wav48/sp1/sp1_Ana/wav48/sp1/sp1_198.wav;Esta vez no me había preparado en absoluto.
sp1;/FrasesAlbayzin_Ana/wav48/sp1/sp1_Ana/wav48/sp1/sp1_199.wav;Teníamos permiso para ir a nuestras casas.
sp1;/FrasesAlbayzin_Ana/wav48/sp1/sp1_Ana/wav48/sp1/sp1_200.wav;Lo que se consigue de esta manera es que todos paguen la cuota.
sp1;/FrasesAlbayzin_Ana/wav48/sp1/sp1_Ana/wav48/sp1/sp1_201.wav;'?A qué altura se encuentra el pico más alto del Sistema Penibético?.
sp1;/FrasesAlbayzin_Ana/wav48/sp1/sp1_Ana/wav48/sp1/sp1_202.wav;'?Cómo se llama el sistema montañoso que existe en la comunidad de Cataluña?.
sp1;/FrasesAlbayzin_Ana/wav48/sp1/sp1_Ana/wav48/sp1/sp1_203.wav;'?Cuál es el nombre del mar que baña una ciudad de más de 2 millones de habitantes?.
sp1;/FrasesAlbayzin_Ana/wav48/sp1/sp1_Ana/wav48/sp1/sp1_204.wav;'?Cuál es la altura del Puig Campana?.
sp1;/FrasesAlbayzin_Ana/wav48/sp1/sp1_Ana/wav48/sp1/sp1_205.wav;'?Cuál es la máxima longitud de los ríos que nacen en el Sistema Central?.
sp1;/FrasesAlbayzin_Ana/wav48/sp1/sp1_Ana/wav48/sp1/sp1_206.wav;'?Cuáles son los nombres de los golfos andaluces que están en el Mediterráneo?.
sp1;/FrasesAlbayzin_Ana/wav48/sp1/sp1_Ana/wav48/sp1/sp1_207.wav;'?Cuántas ciudades están al lado del mar?.
sp1;/FrasesAlbayzin_Ana/wav48/sp1/sp1_Ana/wav48/sp1/sp1_208.wav;'?Cuántos archipiélagos tienen islas de más de 1.000 km2?.
sp1;/FrasesAlbayzin_Ana/wav48/sp1/sp1_Ana/wav48/sp1/sp1_209.wav;'?Cuántos picos de la comunidad autónoma de Valencia tienen más de 1.000 m?. xx 
sp1;/FrasesAlbayzin_Ana/wav48/sp1/sp1_Ana/wav48/sp1/sp1_210.wav;'?Cuántos ríos pasan por la comunidad que tiene el pico más alto de los Pirineos?.
sp1;/FrasesAlbayzin_Ana/wav48/sp1/sp1_Ana/wav48/sp1/sp1_211.wav;'?Dónde se encuentra Archidona?.
sp1;/FrasesAlbayzin_Ana/wav48/sp1/sp1_Ana/wav48/sp1/sp1_212.wav;'?En qué comunidad autónoma está el cabo San Vicente?.
sp1;/FrasesAlbayzin_Ana/wav48/sp1/sp1_Ana/wav48/sp1/sp1_213.wav;'?En qué mar desemboca el río de Santiago?.
sp1;/FrasesAlbayzin_Ana/wav48/sp1/sp1_Ana/wav48/sp1/sp1_214.wav;'?En qué sistema nace el río Miño?.
sp1;/FrasesAlbayzin_Ana/wav48/sp1/sp1_Ana/wav48/sp1/sp1_215.wav;'?Existe alguna ría que desemboque en el mar Mediterráneo?.
sp1;/FrasesAlbayzin_Ana/wav48/sp1/sp1_Ana/wav48/sp1/sp1_216.wav;'?Pasa el río Duero por Valladolid?.
sp1;/FrasesAlbayzin_Ana/wav48/sp1/sp1_Ana/wav48/sp1/sp1_217.wav;'?Por qué ciudades pasa el río que nace en la comunidad autónoma cuya capital es Madrid?.
sp1;/FrasesAlbayzin_Ana/wav48/sp1/sp1_Ana/wav48/sp1/sp1_218.wav;'?Qué cabos hay en la comunidad autónoma de Cataluña?.
sp1;/FrasesAlbayzin_Ana/wav48/sp1/sp1_Ana/wav48/sp1/sp1_219.wav;'?Qué ciudades de más de 1 millón de habitantes atraviesa el Ebro?.
sp1;/FrasesAlbayzin_Ana/wav48/sp1/sp1_Ana/wav48/sp1/sp1_220.wav;'?Qué extensión tiene Andalucía?.
sp1;/FrasesAlbayzin_Ana/wav48/sp1/sp1_Ana/wav48/sp1/sp1_221.wav;'?Qué mar baña las costas de Valencia?.
sp1;/FrasesAlbayzin_Ana/wav48/sp1/sp1_Ana/wav48/sp1/sp1_222.wav;'?Qué picos hay en el sistema montañoso de los Pirineos?.
sp1;/FrasesAlbayzin_Ana/wav48/sp1/sp1_Ana/wav48/sp1/sp1_223.wav;'?Qué río valenciano que no es el Segura nace en la sierra de Aitana?. 
sp1;/FrasesAlbayzin_Ana/wav48/sp1/sp1_Ana/wav48/sp1/sp1_224.wav;'?Qué ríos tienen un caudal superior a 800 m3/s y pasan por la comunidad de Extremadura?.
sp1;/FrasesAlbayzin_Ana/wav48/sp1/sp1_Ana/wav48/sp1/sp1_225.wav;Aclárame qué río es más caudaloso, '?el Tajo o el Guadiana?.  
sp1;/FrasesAlbayzin_Ana/wav48/sp1/sp1_Ana/wav48/sp1/sp1_226.wav;Cabos que se encuentren en la comunidad autónoma de Andalucía y en el océano Atlántico.
sp1;/FrasesAlbayzin_Ana/wav48/sp1/sp1_Ana/wav48/sp1/sp1_227.wav;Ciudad con más habitantes de las Baleares.
sp1;/FrasesAlbayzin_Ana/wav48/sp1/sp1_Ana/wav48/sp1/sp1_228.wav;Comunidad con más cabos.
sp1;/FrasesAlbayzin_Ana/wav48/sp1/sp1_Ana/wav48/sp1/sp1_229.wav;Dar una lista de todas las ciudades por las que pasa el Ebro.
sp1;/FrasesAlbayzin_Ana/wav48/sp1/sp1_Ana/wav48/sp1/sp1_230.wav;Dime algún archipiélago del mar Cantábrico.
sp1;/FrasesAlbayzin_Ana/wav48/sp1/sp1_Ana/wav48/sp1/sp1_231.wav;Dime dónde nace el río que pasa por Zaragoza.
sp1;/FrasesAlbayzin_Ana/wav48/sp1/sp1_Ana/wav48/sp1/sp1_232.wav;Dime el nombre de las montañas del Sistema Penibético que superen los 1.000 m de altura.
sp1;/FrasesAlbayzin_Ana/wav48/sp1/sp1_Ana/wav48/sp1/sp1_233.wav;Dime el nombre de un río que pasa por Madrid, cuya longitud es menor que la del Tajo y no pasa por ninguna comunidad que posea picos superiores a los 1.000 m.
sp1;/FrasesAlbayzin_Ana/wav48/sp1/sp1_Ana/wav48/sp1/sp1_234.wav;Dime el río más largo que pasa por Andalucía.
sp1;/FrasesAlbayzin_Ana/wav48/sp1/sp1_Ana/wav48/sp1/sp1_235.wav;Dime la comunidad autónoma donde está la ría de Arosa.
sp1;/FrasesAlbayzin_Ana/wav48/sp1/sp1_Ana/wav48/sp1/sp1_236.wav;Dime las ciudades de las comunidades autónomas que tengan un pico con altura entre 1.000 y 2.000 m.
sp1;/FrasesAlbayzin_Ana/wav48/sp1/sp1_Ana/wav48/sp1/sp1_237.wav;Dime los cabos bañados por el mar Mediterráneo.
sp1;/FrasesAlbayzin_Ana/wav48/sp1/sp1_Ana/wav48/sp1/sp1_238.wav;Dime los picos del Sistema Central y del Ibérico.
sp1;/FrasesAlbayzin_Ana/wav48/sp1/sp1_Ana/wav48/sp1/sp1_239.wav;Dime qué ciudades hay en la Comunidad Valenciana.
sp1;/FrasesAlbayzin_Ana/wav48/sp1/sp1_Ana/wav48/sp1/sp1_240.wav;El cabo de Finisterre, '?en qué mar se encuentra?.
sp1;/FrasesAlbayzin_Ana/wav48/sp1/sp1_Ana/wav48/sp1/sp1_241.wav;Enumera los ríos y el mar en que desembocan.
sp1;/FrasesAlbayzin_Ana/wav48/sp1/sp1_Ana/wav48/sp1/sp1_242.wav;La altura mínima de los picos que se encuentran en Aragón, '?se encuentra en el intervalo entre 1.000 y 3.000 m?.
sp1;/FrasesAlbayzin_Ana/wav48/sp1/sp1_Ana/wav48/sp1/sp1_243.wav;Longitud y nombre del río más caudaloso que pasa por La Coruña.
sp1;/FrasesAlbayzin_Ana/wav48/sp1/sp1_Ana/wav48/sp1/sp1_244.wav;Número de ríos que desembocan en el mar Mediterráneo.
sp1;/FrasesAlbayzin_Ana/wav48/sp1/sp1_Ana/wav48/sp1/sp1_245.wav;Nombre de la mayor ría de Galicia.
sp1;/FrasesAlbayzin_Ana/wav48/sp1/sp1_Ana/wav48/sp1/sp1_246.wav;Nombre de los ríos que desembocan en el mar Mediterráneo.
sp1;/FrasesAlbayzin_Ana/wav48/sp1/sp1_Ana/wav48/sp1/sp1_247.wav;Nombre del pico que está en una comunidad autónoma la cuál está bañada por un mar en el que están las islas pertenecientes al archipiélago balear.
sp1;/FrasesAlbayzin_Ana/wav48/sp1/sp1_Ana/wav48/sp1/sp1_248.wav;Obtener el río de mayor y el río de menor caudal.
sp1;/FrasesAlbayzin_Ana/wav48/sp1/sp1_Ana/wav48/sp1/sp1_249.wav;Proporcióname información sobre el nombre de las rías de Galicia.
sp1;/FrasesAlbayzin_Ana/wav48/sp1/sp1_Ana/wav48/sp1/sp1_250.wav;Ríos que desemboquen en el mismo mar en el que está el golfo de Valencia.
